{
	"dialogue": [
		{
			"sound": "",
			"speed": 0.05,
			"portrait": "bf",
			"boxState": "normal",
			"expression": "talk",
			"text": "beep boop skdoop bep"
		},
		{
			"sound": "",
			"speed": 0.05,
			"portrait": "gf",
			"boxState": "normal",
			"expression": "talk",
			"text": "hm?"
		},
		{
			"sound": "",
			"speed": 0.05,
			"portrait": "bf",
			"boxState": "normal",
			"expression": "talk",
			"text": "beep bep bap"
		},
		{
			"sound": "",
			"speed": 0.095,
			"portrait": "bf",
			"boxState": "normal",
			"expression": "talk",
			"text": "boop beep bep bap bop bep bap beep bop skdoo bep bap bep bep beepidy bep bep bap boopeboo skiddy bep bop bep bap bep"
		},
		{
			"sound": "",
			"speed": 0.05,
			"portrait": "gf",
			"boxState": "normal",
			"expression": "talk",
			"text": "i just wasted 30 minutes for the first tutorial...."
		},
		{
			"sound": "",
			"speed": 0.04,
			"portrait": "gf",
			"boxState": "angry",
			"expression": "demon",
			"text": "you want another one?!?"
		},
		{
			"sound": "",
			"speed": 0.5,
			"portrait": "bf",
			"boxState": "normal",
			"expression": "shocked",
			"text": "..."
		},
		{
			"sound": "",
			"speed": 0.05,
			"portrait": "bf",
			"boxState": "normal",
			"expression": "shocked",
			"text": "beep"
		},
		{
			"sound": "",
			"speed": 0.05,
			"portrait": "gf",
			"boxState": "normal",
			"expression": "talk",
			"text": "okay fine"
		},
		{
			"sound": "",
			"speed": 0.05,
			"portrait": "bf",
			"boxState": "normal",
			"expression": "talk",
			"text": "beeeeeeeeeep!!!!!!!!!!!!!! (translation: yaaaaay!)"
		}
	]
}