{
	"player1": "bf",
	"player2": "gf",
	"events": [
		[
			18150,
			[
				["Hey!", "gf", ""]
			]
		],
		[
			18750,
			[
				["Hey!", "bf", ""]
			]
		],
		[
			27450,
			[
				["Hey!", "gf", ""]
			]
		],
		[
			28200,
			[
				["Hey!", "bf", ""]
			]
		],
		[
			37050,
			[
				["Hey!", "gf", ""]
			]
		],
		[
			37650,
			[
				["Hey!", "bf", ""]
			]
		],
		[
			50250,
			[
				["Dadbattle Spotlight", "0 3", "3"]
			]
		],
		[
			58950,
			[
				["Dadbattle Spotlight", "0", ""]
			]
		],
		[
			61800,
			[
				["Hey!", "bf", ""]
			]
		]
	],
	"notes": [
		{
			"sectionNotes": [],
			"sectionBeats": 4,
			"gfSection": false,
			"altAnim": false,
			"bpm": 150,
			"changeBPM": false,
			"mustHitSection": true
		},
		{
			"sectionNotes": [],
			"sectionBeats": 4,
			"gfSection": false,
			"altAnim": false,
			"bpm": 150,
			"changeBPM": false,
			"mustHitSection": true
		},
		{
			"sectionNotes": [],
			"sectionBeats": 4,
			"gfSection": false,
			"altAnim": false,
			"bpm": 150,
			"changeBPM": false,
			"mustHitSection": true
		},
		{
			"sectionNotes": [],
			"sectionBeats": 4,
			"gfSection": false,
			"altAnim": false,
			"bpm": 150,
			"changeBPM": false,
			"mustHitSection": true
		},
		{
			"sectionNotes": [
				[9600, 4, 0],
				[10053.75, 4, 0],
				[10747.5, 7, 0],
				[11853.75, 4, 0]
			],
			"sectionBeats": 4,
			"gfSection": false,
			"altAnim": false,
			"bpm": 150,
			"changeBPM": false,
			"mustHitSection": true
		},
		{
			"sectionNotes": [
				[12600, 4, 0],
				[13200, 7, 0],
				[14250, 0, 0]
			],
			"sectionBeats": 4,
			"gfSection": false,
			"altAnim": false,
			"bpm": 150,
			"changeBPM": false,
			"mustHitSection": true
		},
		{
			"sectionNotes": [
				[15000, 0, 0],
				[15600, 3, 0]
			],
			"sectionBeats": 4,
			"gfSection": false,
			"altAnim": false,
			"bpm": 150,
			"changeBPM": false,
			"mustHitSection": true
		},
		{
			"sectionNotes": [
				[16800, 0, 0],
				[17400, 0, 0],
				[18000, 3, 0],
				[18300, 6, 0],
				[18450, 4, 0],
				[18600, 5, 0],
				[18750, 7, 0],
				[18900, 4, 0],
				[19050, 4, 0]
			],
			"sectionBeats": 4,
			"gfSection": false,
			"altAnim": false,
			"bpm": 150,
			"changeBPM": false,
			"mustHitSection": true
		},
		{
			"sectionNotes": [
				[19200, 4, 0],
				[19350, 4, 0],
				[19500, 6, 0],
				[20400, 5, 0],
				[21450, 6, 0]
			],
			"sectionBeats": 4,
			"gfSection": false,
			"altAnim": false,
			"bpm": 150,
			"changeBPM": false,
			"mustHitSection": true
		},
		{
			"sectionNotes": [
				[22650, 5, 0],
				[23850, 2, 0]
			],
			"sectionBeats": 4,
			"gfSection": false,
			"altAnim": false,
			"bpm": 150,
			"changeBPM": false,
			"mustHitSection": true
		},
		{
			"sectionNotes": [
				[25050, 1, 0],
				[26250, 2, 0]
			],
			"sectionBeats": 4,
			"gfSection": false,
			"altAnim": false,
			"bpm": 150,
			"changeBPM": false,
			"mustHitSection": true
		},
		{
			"sectionNotes": [
				[27450, 1, 0],
				[27600, 6, 0],
				[27900, 4, 0],
				[28050, 5, 0],
				[28350, 5, 0],
				[28500, 7, 0]
			],
			"sectionBeats": 4,
			"gfSection": false,
			"altAnim": false,
			"bpm": 150,
			"changeBPM": false,
			"mustHitSection": true
		},
		{
			"sectionNotes": [
				[28950, 6, 0],
				[30000, 5, 0]
			],
			"sectionBeats": 4,
			"gfSection": false,
			"altAnim": false,
			"bpm": 150,
			"changeBPM": false,
			"mustHitSection": true
		},
		{
			"sectionNotes": [
				[31200, 6, 0],
				[32400, 5, 0]
			],
			"sectionBeats": 4,
			"gfSection": false,
			"altAnim": false,
			"bpm": 150,
			"changeBPM": false,
			"mustHitSection": true
		},
		{
			"sectionNotes": [
				[33600, 2, 0],
				[34650, 1, 0],
				[35850, 2, 0]
			],
			"sectionBeats": 4,
			"gfSection": false,
			"altAnim": false,
			"bpm": 150,
			"changeBPM": false,
			"mustHitSection": true
		},
		{
			"sectionNotes": [
				[37050, 1, 0],
				[37200, 6, 0],
				[37500, 4, 0],
				[37650, 5, 0],
				[37800, 4, 0],
				[37950, 7, 0]
			],
			"sectionBeats": 4,
			"gfSection": false,
			"altAnim": false,
			"bpm": 150,
			"changeBPM": false,
			"mustHitSection": true
		},
		{
			"sectionNotes": [
				[38400, 4, 0],
				[39600, 4, 0],
				[40650, 5, 0]
			],
			"sectionBeats": 4,
			"gfSection": false,
			"altAnim": false,
			"bpm": 150,
			"changeBPM": false,
			"mustHitSection": true
		},
		{
			"sectionNotes": [
				[42000, 7, 0],
				[43050, 1, 0]
			],
			"sectionBeats": 4,
			"gfSection": false,
			"altAnim": false,
			"bpm": 150,
			"changeBPM": false,
			"mustHitSection": true
		},
		{
			"sectionNotes": [
				[43650, 1, 0],
				[44250, 1, 750],
				[45450, 1, 0]
			],
			"sectionBeats": 4,
			"gfSection": false,
			"altAnim": false,
			"bpm": 150,
			"changeBPM": false,
			"mustHitSection": true
		},
		{
			"sectionNotes": [
				[46050, 1, 0],
				[46650, 2, 0]
			],
			"sectionBeats": 4,
			"gfSection": false,
			"altAnim": false,
			"bpm": 150,
			"changeBPM": false,
			"mustHitSection": true
		},
		{
			"sectionNotes": [
				[48000, 5, 0],
				[48300, 6, 0],
				[48600, 7, 0],
				[48900, 6, 0],
				[49650, 7, 0],
				[49800, 1, 0]
			],
			"sectionBeats": 4,
			"gfSection": false,
			"altAnim": false,
			"bpm": 150,
			"changeBPM": false,
			"mustHitSection": true
		},
		{
			"sectionNotes": [
				[50400, 1, 0],
				[50700, 2, 0],
				[51000, 3, 0],
				[51300, 2, 0],
				[52200, 0, 0]
			],
			"sectionBeats": 4,
			"gfSection": false,
			"altAnim": false,
			"bpm": 150,
			"changeBPM": false,
			"mustHitSection": true
		},
		{
			"sectionNotes": [
				[52800, 0, 0],
				[53400, 1, 0],
				[54000, 3, 0],
				[54600, 1, 0]
			],
			"sectionBeats": 4,
			"gfSection": false,
			"altAnim": false,
			"bpm": 150,
			"changeBPM": false,
			"mustHitSection": true
		},
		{
			"sectionNotes": [
				[55200, 2, 0],
				[55800, 3, 0],
				[56250, 1, 0],
				[56850, 2, 0]
			],
			"sectionBeats": 4,
			"gfSection": false,
			"altAnim": false,
			"bpm": 150,
			"changeBPM": false,
			"mustHitSection": true
		},
		{
			"sectionNotes": [
				[57600, 3, 1050],
				[58650, 3, 0],
				[58800, 3, 0]
			],
			"sectionBeats": 4,
			"gfSection": false,
			"altAnim": false,
			"bpm": 150,
			"changeBPM": false,
			"mustHitSection": true
		},
		{
			"sectionNotes": [],
			"sectionBeats": 4,
			"gfSection": false,
			"altAnim": false,
			"bpm": 150,
			"changeBPM": false,
			"mustHitSection": true
		},
		{
			"sectionNotes": [],
			"sectionBeats": 4,
			"gfSection": false,
			"altAnim": false,
			"bpm": 150,
			"changeBPM": false,
			"mustHitSection": true
		},
		{
			"sectionNotes": [],
			"sectionBeats": 4,
			"gfSection": false,
			"altAnim": false,
			"bpm": 150,
			"changeBPM": false,
			"mustHitSection": true
		},
		{
			"sectionNotes": [],
			"sectionBeats": 4,
			"gfSection": false,
			"altAnim": false,
			"bpm": 150,
			"changeBPM": false,
			"mustHitSection": true
		}
	],
	"gfVersion": "gf",
	"offset": 0,
	"gameOverChar": "bf-dead",
	"song": "Tutorial Remastered",
	"stage": "stage",
	"needsVoices": false,
	"format": "psych_v1",
	"speed": 1.6,
	"bpm": 100
}